repo,id,block,type
fastai,18d17f4ac3c7b1c75d7a574eddc99389b2fa06b3#19,"[25, 25]",identical
fastai,927e4a82ef102eed5f97c204e162ca4b512002f9#18,"[43, 43]",identical
fastai,e377479080dc39747532936025d4951862333854#16,"[94, 94]",identical
PmagPy,c74baad5354cf0f158ab86a2236e73664b6d1923#1,"[202, 198]",identical
recommenders,fb642b6eec92d0fcc16e791f20cc91206f35b7ba#0,"[23, 22]",identical
examples,036117caae91ede4783cb0797273128d203e56aa#18,"[9, 11]",identical
PmagPy,3a3b17b2f53cb43e760e2c4ad54bb1484d9e06cd#0,"[216, 216]",identical
fastai,b711e01f28b47dec1e185afab956481d462aefc2#0,"[57, 57]",identical
fastai,dd7d0bc5d8114f3ea1d5ca1658280775aacc94a4#20,"[8, 8]",identical
recommenders,2a76cbc9bf02ef2257f67fd3861f8c5662331b59#7,"[29, 29]",identical
recommenders,1328068be4ff0fdeca09e43b8bd0320375404936#0,"[19, 19]",identical
fastai,b28d9eb39b42468721b1358832a5538f8a98ad2d#0,"[90, 91]",identical
PmagPy,352f288bbbe3c3f87dc971f9e25319cc63c4f985#1,"[390, 390]",identical
fastai,f6f7065f08c59238805732f22de68c483eb7db5b#31,"[10, 10]",identical
fastai,e377479080dc39747532936025d4951862333854#20,"[82, 82]",identical
fastai,82e8d22a6a6315f982a750789086c863a2ee5c89#4,"[158, 158]",identical
fastai,4222c2d95533755d12592bd392bf6c68fa3e30b0#45,"[75, 75]",identical
fastai,cc94c963f78e6a14d56b52e4e24bb6e657b12deb#14,"[47, 47]",identical
recommenders,27617f8d0788ab204a2ba98f0cb265486f1aeaab#0,"[26, 26]",identical
PmagPy,8b82fd190b506816b7b3960df8d9ea58e05615a6#1,"[41, 41]",identical
recommenders,94c09d712131991ffa20cd0e09eca0a5074fd6b4#2,"[6, 6]",identical
Data-Analysis,68dda3e925892881e5bfd8773592e7dfe312d867#0,"[7, 7]",identical
fastai,10ba928cc5030416e3c976232fa3ab6522e37143#2,"[24, 24]",identical
fastai,c19a744b1d5b49fd99d695cb2217d92a3d95ac05#0,"[242, 239]",identical
ThinkDSP,3ff701e4b9869e019affd757a24002ea5a40fd8d#4,"[21, 18]",identical
fastai,cdd06e38332b04e4dd3af927cb0ff4549c82a52b#3,"[126, 126]",identical
PmagPy,a8967399f9cc3103e74c7af3cade5a0533e579eb#0,"[178, 178]",identical
fastai,ab54f6fba1666fdb649c573adb8086be35afcc9f#0,"[138, 138]",identical
h2o-3,6e1e0854c84d7a0613c4f303dd522d088a045ae3#0,"[62, 62]",identical
fastai,53ac6f1b9d6878536c4decd226fd0a5b1e2e2bf4#11,"[79, 79]",identical
fastai,b8c14bb556efd26bd7ba4e4f6f51a4a494166cbc#14,"[84, 84]",identical
fastai,d9eb10fd7978e1ce2c879ed8c7fa7a8af1c2fabd#3,"[28, 28]",identical
recommenders,2a76cbc9bf02ef2257f67fd3861f8c5662331b59#14,"[15, 15]",identical
recommenders,dfacd89c0ba1f4bf72b48e43d8262fd88192148e#0,"[6, 6]",identical
fastai,d50549a5db65793bbdb34de2bad2c7527b47c3d4#6,"[120, 120]",identical
fastai,927e4a82ef102eed5f97c204e162ca4b512002f9#36,"[13, 13]",identical
fastai,052bf674c244784ce68e46981af63e9e9fead210#0,"[49, 49]",identical
fastai,fa0a6d205bf0b259b77254d9affc3d58b005bd8e#12,"[36, 36]",identical
fastai,d9eb10fd7978e1ce2c879ed8c7fa7a8af1c2fabd#12,"[38, 38]",identical
fastai,d9eb10fd7978e1ce2c879ed8c7fa7a8af1c2fabd#8,"[26, 26]",identical
PmagPy,a80c889e7a63e964b9077f168c0835417137b221#4,"[118, 118]",identical
fastai,10ba928cc5030416e3c976232fa3ab6522e37143#2,"[32, 32]",identical
recommenders,caabe7c1f484d2eb93aafcfdf9491f7a2ac4cba0#11,"[35, 34]",identical
fastai,f94292e64ea822d2a6b2b51977dd2e56e0ded719#0,"[97, 98]",identical
fastai,4e3fd2de943638f0a8ac8bb1153b507820aa3168#11,"[64, 64]",identical
fastai,d50549a5db65793bbdb34de2bad2c7527b47c3d4#10,"[51, 51]",identical
fastai,5c8356b6af7e907a13209f5f1d8b9da2efb84720#1,"[48, 48]",identical
fastai,de1b552b0556e86f18b61cdf23ba03317b30cfb6#4,"[24, 24]",identical
fastai,c119b52c0e4c3f0b6f602e983fbe2503075a5748#0,"[96, 96]",identical
fastai,bbcd4e0ce5614630aed31695af92df139d3c489f#1,"[4, 4]",identical
recommenders,9af80554fa9b37040247bb958838d618ef074b7c#0,"[22, 22]",changed
recommenders,a2548c10c0889f11d2b16737df86977f86a624df#0,"[4, 20]",changed
recommenders,3139604e4379747a739d97a5f91b29ec26715224#1,"[4, 3]",changed
Data-Analysis,9f5ac35dbfe431f7cb6cd8ddb94eb8fe8b4a31be#0,"[34, 39]",changed
fastai,db55e7cba6994b1af137be1bbc2af12f880cf8a1#1,"[91, 48]",changed
h2o-3,54cad9db0c9170dd0640e7f27ff1bad81bff9c2d#0,"[60, 60]",changed
ThinkDSP,7122b76beb46bd56f4731d2522ee5598292568e6#0,"[39, 41]",changed
ThinkDSP,3ff701e4b9869e019affd757a24002ea5a40fd8d#4,"[5, 4]",changed
ThinkDSP,4ea1056cb058281d8a6d99cbc678ffbb19f1acb0#4,"[13, 64]",changed
recommenders,267892423634ee2e78de20942df4dc93b6c03241#0,"[7, 7]",changed
fastai,d9eb10fd7978e1ce2c879ed8c7fa7a8af1c2fabd#6,"[53, 53]",changed
ThinkDSP,fcb5216ab348a1256e7fa79e57b7c3887df0c4ab#0,"[4, 4]",changed
PmagPy,d5cb4de4c66cf54f159232c3f51dc557dc282fd8#0,"[114, 114]",changed
fastai,d22bc506642576be1b5273282f4da35d2bcf05bd#3,"[5, 5]",changed
Data-Analysis,9f5ac35dbfe431f7cb6cd8ddb94eb8fe8b4a31be#0,"[28, 33]",changed
recommenders,d91ab96fb9acb4e3e053c07e879891c808dfc4cf#0,"[22, 22]",changed
examples,25583993ea208da9ce9d4b0f5530c35a58a4d85b#0,"[11, 11]",changed
fastai,e82bfa82347e3a4e39beaf97c0d25d42bbc39ae7#0,"[8, 6]",changed
fastai,d7dd5ec789111dbbb95bb81483859aaa971e28f6#0,"[72, 72]",changed
PmagPy,a64b87b63bb7540728ebf494b65b6c36a1b43291#0,"[226, 226]",changed
ThinkDSP,90e4b3195e527253e246dbbce3d9e5192048db44#2,"[4, 4]",changed
h2o-3,d25bdf76d8e7504298b590b225e8b02a4b70ed21#0,"[8, 7]",changed
fastai,a6926d47ed83641eee0c53a2d8137e31a82aba28#0,"[19, 19]",changed
Data-Analysis,15ebdadc4977926ee2eed820e3c168e1aba7fd8a#0,"[18, 18]",changed
Data-Analysis,94fd16fff52002dbb106dd0a7e44ca075117045e#0,"[79, 79]",changed
recommenders,17e790280dc01a0345af0abde7fb529fbf0b34c4#0,"[28, 28]",changed
fastai,dec7643b09b531ec92c70badb7b4ba3800aa71f5#0,"[53, 51]",changed
ThinkDSP,a9e67e3bba2cdc0dc5ea0a6cbb5c161b853137bb#1,"[24, 14]",changed
recommenders,58ae95116f248763891278135f1ea1f0dbddd1aa#0,"[21, 21]",changed
recommenders,3169ba7b1301885ebeff774220313df433fedbb3#1,"[4, 4]",changed
fastai,6ff47993adcf92ee524740e8e4c55c391d670f51#5,"[54, 54]",changed
Data-Analysis,ead86450656be0346076aac4431e7f10c26cf167#0,"[19, 4]",changed
recommenders,412cc8de5b7372b55e703ecac85524be163b4221#0,"[48, 47]",changed
fastai,22b32aab155dcfa5ebf10d4b86f125039811bd5d#0,"[73, 73]",changed
fastai,f93ddafcdfdc0f96ed059af0eff59a10b2726dca#0,"[64, 58]",changed
recommenders,2a76cbc9bf02ef2257f67fd3861f8c5662331b59#2,"[1, 1]",changed
recommenders,6528a0cd888f0a0f1c25f95bacacb427869cf156#0,"[11, 11]",changed
fastai,2e99e9ead29f830df6333c32f78ba4168e88f6c7#11,"[12, 12]",changed
recommenders,2295b6b7cf960a04b70f7cc43da07e037730a5b5#0,"[1, 1]",changed
examples,105085fea9b425d8de46ca1e1e76de6ea20a81ec#0,"[52, 52]",changed
recommenders,53926bc31f6120c9d8ab9c567cb43ee3dd1a65db#0,"[20, 18]",changed
PmagPy,9ffd3eaf8f47a94fefa55c0d19712bf1f73ddee1#1,"[20, 20]",changed
ThinkDSP,90e4b3195e527253e246dbbce3d9e5192048db44#3,"[36, 30]",changed
recommenders,28de14c8ad010d39dd5fe1207914e6e2467c6faa#0,"[38, 38]",changed
recommenders,e658736a015bb19b94584a6c69025536ed666964#0,"[16, 16]",changed
h2o-3,43c9b82ab463e712910d1353013d499684021858#1,"[7, 7]",changed
fastai,6ae4f12cd91af27cb990893c48a5046acbdb181e#0,"[2, 2]",changed
fastai,3d1b755322e913b5a3feb192beac9c34ff35bf4f#0,"[6, 6]",changed
examples,729752738613a3642b5ddff0425f98a49f8924b4#6,"[43, 43]",changed
fastai,742a9f62e67a484a7f44e0db9fbb9dd6c179ef0b#0,"[31, 26]",changed
fastai,d22bc506642576be1b5273282f4da35d2bcf05bd#3,"[34, {34, 37}]",split
fastai,b751575ac32f3006e100e3fd992567dc94e1f79d#5,"[13, {37, 38}]",split
ThinkDSP,fcb5216ab348a1256e7fa79e57b7c3887df0c4ab#0,"[30, {27, 29}]",split
PmagPy,a64b87b63bb7540728ebf494b65b6c36a1b43291#0,"[31, {35, 31}]",split
ThinkDSP,418001f60d5507db24655c61c88be630113e1788#0,"[51, {67, 51}]",split
fastai,fc6af69a2496436cc82e68f82edc69b8fd8a98b3#0,"[18, {8, 10}]",split
recommenders,870bc1dd81432ded97b3ddfa8c7de3a14069a705#0,"[25, {14, 15}]",split
fastai,052bf674c244784ce68e46981af63e9e9fead210#3,"[66, {66, 71}]",split
fastai,b9ae5782b7d00336a491bcdc733b05a91c43b119#0,"[57, {58, 59, 60}]",split
recommenders,52cd2f862851856c82786034913e079ef89e9400#0,"[33, {27, 21}]",split
ThinkDSP,f3e21cc5a67534f8077bd64145efc89827c9d531#0,"[20, {24, 18, 20}]",split
fastai,131e230dd915b0998b8afe9603a183c001422da8#0,"[53, {18, 53}]",split
PmagPy,c2fbebfa57b8fe95fae763aa299caac90443969d#0,"[350, {105, 349}]",split
fastai,edab9efd388659eb52d313f85c76a22bd0767954#1,"[51, {45, 53}]",split
Data-Analysis,3b294faeeb90057741e96d4c0e8650d76c197a71#0,"[48, {48, 55}]",split
ThinkDSP,37ab5c62ca0c7f0ec6b72e61964c1b6115e22e7c#0,"[65, {81, 20, 79}]",split
recommenders,163c12167ce15bc7a20e9fbbf2448733a6fc8553#0,"[9, {9, 10}]",split
recommenders,5178d1cfe6af80c0b7b6cebdcfa04f44a57a876c#0,"[11, {17, 13}]",split
PmagPy,a64b87b63bb7540728ebf494b65b6c36a1b43291#0,"[33, {152, 33}]",split
PmagPy,77f98a19af0bbd4a48ac1f631c7e76cb44707c45#0,"[277, {293, 278}]",split
h2o-3,5408539f72c3725c54c721a1c84ee93ba958d888#0,"[5, {4, 5}]",split
Data-Analysis,d3c87c2f29c6260d1ebddb9e1414ca839d37a5bc#0,"[8, {3, 7}]",split
ThinkDSP,30b5a8cac55d4c23cca9415ca44f92f879a33def#0,"[10, {10, 12}]",split
fastai,5300b154af0641580f67708eeb26d981fdf465d1#0,"[46, {24, 21}]",split
recommenders,5ab9c55d6a76e8f7175420fd5bf59412e0f20b80#0,"[9, {9, 10}]",split
fastai,8f317a698c07ff082f21f0669b49eb5e620437f0#0,"[83, {75, 84}]",split
recommenders,c98ef6fc299aaf769a13258c0c0079a7c228432a#1,"[3, {26, 3}]",split
fastai,68134bb77e580e428463f9cf579d978d51b5800c#7,"[114, {124, 118}]",split
fastai,b5f0c79d7d1a45168023d61d6e4aeb97008436b9#5,"[8, {32, 31}]",split
recommenders,62bde140f7444be4474618cc710399164912f888#0,"[3, {4, 5}]",split
ThinkDSP,0b35368148c69c3d2773dc4ba8543d35acd976a7#0,"[10, {10, 12}]",split
fastai,2bbbaabe934fde46cbd4bd8cb44b770f7cf7720c#4,"[42, {41, 39}]",split
examples,771667984b4c90168e981c365477b790e081fc00#2,"[11, {11, 15}]",split
fastai,964e4687291873d967ce247e0d08b81e5a229a56#1,"[53, {56, 43}]",split
ThinkDSP,86f9083d0d6f8178ed7bbbbbf705f6427512f895#2,"[38, {9, 11, 12}]",split
PmagPy,a64b87b63bb7540728ebf494b65b6c36a1b43291#4,"[152, {152, 166}]",split
h2o-3,91fd4def9f2c481cc91e6572c35b2a7dd710dd10#1,"[9, {9, 11}]",split
Data-Analysis,23244de92fcb59bd92b120df05595902fe3a897a#0,"[54, {54, 31}]",split
fastai,3fd0af84b6dadd0be604d34716a316b7cdfeff07#0,"[134, {152, 150}]",split
ThinkDSP,90e4b3195e527253e246dbbce3d9e5192048db44#4,"[24, {24, 32}]",split
recommenders,412cc8de5b7372b55e703ecac85524be163b4221#0,"[41, {41, 44}]",split
recommenders,a02a089a5c413a7313f369f484537b613dd8dad0#1,"[11, {12, 13, 14}]",split
h2o-3,19ab94b13e013a23258100f8358801db86ad675e#15,"[10, {9, 10}]",split
fastai,2b9115a37bfdc8d42ccc7d4d2462ce0353b1cd7a#4,"[27, {33, 31}]",split
PmagPy,a80c889e7a63e964b9077f168c0835417137b221#0,"[199, {163, 199}]",split
Data-Analysis,f5fb7d13401f2bba82165f2657ea344ec9cdea24#0,"[53, {2, 35, 36, 23, 26, 27}]",split
fastai,f93ddafcdfdc0f96ed059af0eff59a10b2726dca#0,"[48, {41, 101}]",split
recommenders,f2bb36b95e3d9db0c75d02c8143b413242ea6726#0,"[20, {19, 21}]",split
fastai,d22bc506642576be1b5273282f4da35d2bcf05bd#0,"[12, {24, 12}]",split
examples,6f899dcbce9660dc6ddcd1ed87c9e084dffc8e5c#0,"[13, {16, 9, 15}]",split
recommenders,62bde140f7444be4474618cc710399164912f888#1,"[{11, 13}, 14]",merge
fastai,edab9efd388659eb52d313f85c76a22bd0767954#1,"[{26, 22}, 28]",merge
Data-Analysis,13368040a9d198b11608f3ecaa627a1956fa58b6#0,"[{27, 14, 30}, 12]",merge
ThinkDSP,cc9b668fd3721c75561065c5a107870bb73ff2b5#0,"[{12, 6}, 6]",merge
Data-Analysis,32730e4d9f10401db0f77886fc93d417174dcefb#0,"[{4, 6}, 2]",merge
ThinkDSP,d600709e0d617efaa5a0a19970547b08528c3cd5#0,"[{18, 61}, 18]",merge
ThinkDSP,a9e67e3bba2cdc0dc5ea0a6cbb5c161b853137bb#0,"[{24, 20}, 20]",merge
fastai,3f426336fea1f866213750f6ffb5cb17e35ff728#1,"[{41, 47}, 45]",merge
fastai,cc5ed2e3515467ac0a03cd047d79b623406048b5#0,"[{65, 58}, 73]",merge
h2o-3,9fa3eceaf326e0bea9f1b18150f825a202698ce5#0,"[{13, 14}, 9]",merge
Data-Analysis,0ccbf25fce26b756abe8908531ad5827c4a43183#0,"[{18, 28, 29}, 16]",merge
fastai,ea9c07a0c49a4714e51ba3b8016157f034803bb4#1,"[{148, 149}, 151]",merge
fastai,64aea869ea5c5ab80c41cb5be624fbe19d43f9c1#1,"[{66, 61}, 49]",merge
PmagPy,a64b87b63bb7540728ebf494b65b6c36a1b43291#4,"[{172, 198}, 172]",merge
ThinkDSP,fcb5216ab348a1256e7fa79e57b7c3887df0c4ab#0,"[{20, 14}, 19]",merge
fastai,f93ddafcdfdc0f96ed059af0eff59a10b2726dca#0,"[{56, 82}, 69]",merge
recommenders,ffcf4c7384c1a38971a1439dfbac20d95a73ce00#1,"[{32, 34, 28, 36}, 37]",merge
ThinkDSP,c4ea7ce427f3cccef458d46c181a4ae5f9559ea3#0,"[{80, 81}, 75]",merge
fastai,2bbbaabe934fde46cbd4bd8cb44b770f7cf7720c#3,"[{9, 42, 44, 13}, 13]",merge
PmagPy,a64b87b63bb7540728ebf494b65b6c36a1b43291#4,"[{61, 29}, 61]",merge
PmagPy,a80c889e7a63e964b9077f168c0835417137b221#0,"[{318, 323, 46}, 323]",merge
Data-Analysis,6012c3d1b2062b135f81d8cb9b9d22dcab5e553a#0,"[{10, 11, 13}, 6]",merge
recommenders,d08d8c6cb4a3d08922fef4d7f38d0f1ffc6c752b#0,"[{3, 4}, 3]",merge
recommenders,789206a3c0facff2871149c94a7b2500b3f1c032#0,"[{24, 25, 26, 27}, 23]",merge
ThinkDSP,3ff701e4b9869e019affd757a24002ea5a40fd8d#4,"[{66, 18, 23}, 19]",merge
Data-Analysis,2a174e9848b1aca55d907606e4e52e00ad8dfefe#0,"[{36, 37}, 25]",merge
recommenders,d79b6aee4c651015040cbe3f67ead936d26facbb#0,"[{29, 30}, 29]",merge
fastai,a1bae68f8558a1a44cc18a6e0bf4960483b585bc#0,"[{4, 5}, 11]",merge
Data-Analysis,42af1df7746821893028ee49e52a6060f35d18c4#0,"[{80, 81}, 81]",merge
fastai,d22bc506642576be1b5273282f4da35d2bcf05bd#0,"[{16, 20}, 16]",merge
recommenders,b43ced82363f2ef5aa7074c98180e870d318bff3#0,"[{36, 37}, 36]",merge
recommenders,bb5389b11e2b5cb5a22679c1356fa80543239f2b#0,"[{17, 19}, 17]",merge
PmagPy,a64b87b63bb7540728ebf494b65b6c36a1b43291#0,"[{192, 216}, 316]",merge
recommenders,90286eaa02f1723c54eb16cc2559a86abd832472#0,"[{12, 13, 14}, 10]",merge
fastai,5300b154af0641580f67708eeb26d981fdf465d1#0,"[{50, 53, 6, 7}, 10]",merge
fastai,3e9f1021dde2b731ce13493ecfb96db1e46da73d#2,"[{33, 27}, 22]",merge
recommenders,e83ecb4287d604a1b695b49e477f59c85c9c6d57#0,"[{11, 12}, 11]",merge
ThinkDSP,c4ea7ce427f3cccef458d46c181a4ae5f9559ea3#1,"[{6, 7}, 5]",merge
PmagPy,c2fbebfa57b8fe95fae763aa299caac90443969d#0,"[{80, 174}, 219]",merge
Data-Analysis,628b6a3c8e5320291ee2c083e38d32a21734e127#0,"[{27, 29}, 26]",merge
recommenders,53926bc31f6120c9d8ab9c567cb43ee3dd1a65db#0,"[{4, 5}, 3]",merge
Data-Analysis,94fd16fff52002dbb106dd0a7e44ca075117045e#0,"[{84, 101, 86}, 84]",merge
fastai,e1c16d8e29de33860f7cada84482d43a27b2fd71#0,"[{41, 34}, 31]",merge
ThinkDSP,5d951619cd7d9ae1d7d63697a66ca06d02fc9f14#1,"[{35, 13}, 12]",merge
recommenders,a02a089a5c413a7313f369f484537b613dd8dad0#0,"[{16, 17}, 19]",merge
h2o-3,19ab94b13e013a23258100f8358801db86ad675e#14,"[{9, 12, 7}, 12]",merge
ThinkDSP,90e4b3195e527253e246dbbce3d9e5192048db44#4,"[{16, 43}, 43]",merge
Data-Analysis,120e2fab0fa4d5fbfe4f527a2971d860fffb3035#0,"[{19, 20, 22}, 16]",merge
PmagPy,a80c889e7a63e964b9077f168c0835417137b221#0,"[{152, 165}, 152]",merge
PmagPy,95de4c01ea723142cd96c01db07be67cb8daac92#0,"[{51, 52, 29}, 29]",merge
ThinkDSP,4ea1056cb058281d8a6d99cbc678ffbb19f1acb0#1,56,delete
recommenders,314a5b2f4407c9dc26e8624ac9d279d1b524209b#0,33,delete
fastai,950619788ab2b4d6903bc444a5815efe57cee1bf#0,169,delete
fastai,ab95a91ee84f6214281661f3a4b74b8dd13311b4#26,44,delete
fastai,68134bb77e580e428463f9cf579d978d51b5800c#10,4,delete
ThinkDSP,da16259fe10b945ed5fd07f5a17d1c3528b9c644#0,11,delete
fastai,2b9115a37bfdc8d42ccc7d4d2462ce0353b1cd7a#0,15,delete
fastai,a6926d47ed83641eee0c53a2d8137e31a82aba28#1,84,delete
fastai,1757d664c9134789f7c281545698fbb685e73563#51,58,delete
recommenders,b96ffbfbec69503d3ce19b661bab56fcb0653d04#0,6,delete
Data-Analysis,7a7457cfb1fd1b1b07edf6e8831989302084df59#0,20,delete
fastai,7895034df91c526de3e5c98a9deb9566b1fe192e#2,51,delete
fastai,c7126f61ef305fe6a149d2bb7362b67229d44aa7#1,101,delete
fastai,eb9a00d7834fd7cc82cfdcd595c0cd813bd75131#0,33,delete
ThinkDSP,ef797f19ab6c427284728658a676bf9010f2bd83#0,19,delete
fastai,d02f1971dac0f82b6b2446c0ef7a34500d885fed#15,45,delete
recommenders,279bdb2fbfbe54ab446e33501d5400b4583df66d#1,27,delete
fastai,a177b29acf4db663b5e956e3f0536e0615939264#0,19,delete
fastai,b28d9eb39b42468721b1358832a5538f8a98ad2d#2,62,delete
fastai,cfe689f0022769e7804ab2980e7f6151cb221b24#19,54,delete
fastai,d50549a5db65793bbdb34de2bad2c7527b47c3d4#19,82,delete
ThinkDSP,c4ea7ce427f3cccef458d46c181a4ae5f9559ea3#0,21,delete
recommenders,d61df9c372c4d2a4e701ae2450a7098844d38b79#0,4,delete
fastai,bbcd4e0ce5614630aed31695af92df139d3c489f#38,56,delete
fastai,564bbda2f536bce6295dbbff6e35e817f4b93a3b#2,137,delete
Data-Analysis,f27ad4541b447840ea7dbe45aeb27dfe267fcc2a#0,43,delete
fastai,0185ae02974116b237fff2d584b20102ee23624d#0,54,delete
fastai,35b640d45963967e8b0202e7223c054d56f3b1e4#6,94,delete
recommenders,a0566017b69395b98add3eb37be885a60f6186b7#0,28,delete
fastai,1919702e6df0e3004a59f528c7e02dad8f05a3b7#0,27,delete
recommenders,dcb537c62ff080fe4c709c45a23b9b0f60a40b12#0,11,delete
ThinkDSP,0b35368148c69c3d2773dc4ba8543d35acd976a7#0,46,delete
fastai,c7126f61ef305fe6a149d2bb7362b67229d44aa7#1,53,delete
Data-Analysis,0ccbf25fce26b756abe8908531ad5827c4a43183#0,1,delete
csound,c87dc9664113be4dfdff69da2a6b4461eed9e1aa#0,81,delete
Data-Analysis,267ac79cdc6f0b60c0dc334983ad8c0970a7b5da#1,20,delete
fastai,6bfc57a2b2956f29b3dedfd5feee4ab63d04fe99#24,44,delete
ThinkDSP,d3f05e02fad4eea1d83903474faa1c88bfe49f48#0,22,delete
h2o-3,72477b9a7d22818d0143eba1aab47326aebbbea3#0,60,delete
recommenders,ce6069edb938dae8f5a2eeb0d3d28cbb61402f26#0,34,delete
fastai,4222c2d95533755d12592bd392bf6c68fa3e30b0#38,47,delete
fastai,ff8c3d81be4060a14b6e12d738b72a803b60848f#0,155,delete
recommenders,fb2f8c8c8770eb72fd47ad6220729ad180f5a826#0,11,delete
fastai,f852743b945088c9123139c4962364546a62a7fe#2,89,delete
PmagPy,3a3b17b2f53cb43e760e2c4ad54bb1484d9e06cd#1,244,delete
fastai,39c120c4bcee2ed7e3191f62a2b8858e85af89c3#3,40,delete
fastai,cc94c963f78e6a14d56b52e4e24bb6e657b12deb#9,55,delete
recommenders,e89d4f0b96d399f8e108d28e7778e6c28743519f#0,4,delete
fastai,9dcd156e7928014c4ac32adac8a01c4364885b1a#0,8,delete
fastai,3abc8610ca829ab162a6bfd7c379e4acec2fc62a#0,147,delete
fastai,d6e918942cf51d5e23fe570a1b7edcca5af84b2b#2,42,add
PmagPy,4a52cd32aaad00781d0e835a24d07309cc26c81c#0,18,add
fastai,6e9bb9b46a65fd720edca9f67fbde627e1a8628c#15,183,add
examples,7fb5b8718d4daa0fc4ec70c436fd23173ce3257e#0,4,add
fastai,ab54f6fba1666fdb649c573adb8086be35afcc9f#0,30,add
fastai,7c5f9412bf9771e7fd852b0c4ec556924c664c02#0,15,add
fastai,7e4ca3f39d06c83f712d9bc83dde207204764d05#3,207,add
fastai,d3a07aa1e1de513669248acd9c9ffb36fb789f09#0,82,add
fastai,f41e08ee5f69f44b6818b6e97ca0dcbac02fdd29#0,13,add
fastai,2e99e9ead29f830df6333c32f78ba4168e88f6c7#4,183,add
h2o-3,06874d9cd4e537dc5f2118b2134e076c68ff5844#0,5,add
recommenders,68b126c75415960e4b64242890d2b06a41941e73#0,24,add
fastai,8102d200a1f4795c3190993c2160bdae02931a85#16,82,add
recommenders,57d109a6abbfd6cb554c710defccc09cf595acc9#0,7,add
recommenders,48769d2f682fb326987713a8d8793cd0c9e5c714#1,11,add
fastai,dd7d0bc5d8114f3ea1d5ca1658280775aacc94a4#17,38,add
fastai,9b488d4ce4b150f84e71f2a6d78c3d7685cb0200#2,47,add
PmagPy,c2fbebfa57b8fe95fae763aa299caac90443969d#0,43,add
fastai,a588eff25cc1dc55e5713bf3f24c77f5b63cc9b9#0,181,add
examples,036117caae91ede4783cb0797273128d203e56aa#9,28,add
fastai,6da16c3e551f888c33289fad817b1ea603b639e0#2,57,add
fastai,a6926d47ed83641eee0c53a2d8137e31a82aba28#1,109,add
fastai,6e9bb9b46a65fd720edca9f67fbde627e1a8628c#41,58,add
recommenders,b51a59185b43d4ec81d7180a92c94700967afa08#0,30,add
ThinkDSP,f3e21cc5a67534f8077bd64145efc89827c9d531#1,25,add
fastai,a913af737fbb2e98f89cbcd5ae0e6a8269777859#41,31,add
ThinkDSP,97e8b775c5b68466d9df39962eee274f8e00d1b1#0,22,add
fastai,76c18e9efed6ca77023abb5f5dd8a991114c3b14#27,86,add
fastai,f93ddafcdfdc0f96ed059af0eff59a10b2726dca#0,68,add
fastai,200deb5d68366eeb53a1e48a0c89a70e0a4ce6a1#5,152,add
fastai,f34fa8160e0132e3b1a2032d07b36b0882e9dfb4#24,68,add
fastai,c249721ebe977e6c575074242936ba44e04182fb#4,2,add
recommenders,7e22731cb5706563bdc87c80e03e25374deb7d6d#0,24,add
fastai,4cdc5475e629aa4658f7dc8f2d101ffcbe9f5fab#2,37,add
fastai,cdd06e38332b04e4dd3af927cb0ff4549c82a52b#2,40,add
ThinkDSP,b7d9731656505f4e63f588edf9808f1afaa9c756#2,8,add
recommenders,796c9ff7ee05daf856024f0a76ad80c8a7d4b881#0,17,add
fastai,be7bcc5e25322af8d398a7a89ee2dec61a08e664#0,115,add
recommenders,3ea7cf02d03f4c4dbe1590033273ab5c4ca8dbc3#0,4,add
fastai,a913af737fbb2e98f89cbcd5ae0e6a8269777859#37,51,add
fastai,4cdc5475e629aa4658f7dc8f2d101ffcbe9f5fab#0,132,add
ipython-in-depth,2e03db4635a1fbda1afc01bbbb49647eff9602d4#0,35,add
fastai,c221ccbdb24edaebc6daa107df9a58c1ff3f82a3#2,52,add
ThinkDSP,4b1b85b76b3bc3ad0d3da7b2a1668571b8152075#0,1,add
recommenders,42b2fe88a776587f5eac6a25befa5ebea74d09cc#0,16,add
examples,b240dd74f2591fd95eb291dc01f92758c85e8289#1,45,add
fastai,352d71d9c025fecbb40092062101ba5515fe232e#0,38,add
fastai,43c4bfdd241ece3a0355f59609dde979bfeb5106#1,150,add
fastai,44e05b4e57dd553155a2860360a55dbd95e94fde#8,49,add
fastai,b785fe51ab0566f3ee87b1378647a6f3d0329d1e#4,60,add
recommenders,d9e1dfe673dae3348c075de9086199c5b1fd74ca#0,"[5, 6]",move
fastai,f852743b945088c9123139c4962364546a62a7fe#2,"[82, 114]",move
fastai,80f8f3bc67947148ca1d860404e053e9b01cdbc8#1,"[85, 98]",move
fastai,fab1a410ea560f0f6cea300fa6d5baff7802a169#1,"[85, 104]",move
recommenders,a5f39f903c0e88ef426e9f336fee5b5c520d0715#0,"[14, 22]",move
fastai,08238e63aa6d970391c7062741f25dfd081dae25#0,"[13, 14]",move
fastai,340b7c748569f7e36c381f058e23bddc90d16f6c#0,"[33, 25]",move
recommenders,a74a80413b5ae51eb3add336514352219b76e1e2#0,"[5, 6]",move
fastai,c19a744b1d5b49fd99d695cb2217d92a3d95ac05#0,"[231, 309]",move
fastai,ab54f6fba1666fdb649c573adb8086be35afcc9f#0,"[27, 38]",move
fastai,3dc3d35b2ec30147f666c05e8871454155489f45#11,"[105, 105]",move
fastai,aa65eb6198efda30d0bf1445e3311347f2f1905b#0,"[22, 16]",move
fastai,b751575ac32f3006e100e3fd992567dc94e1f79d#11,"[34, 39]",move
fastai,3dc3d35b2ec30147f666c05e8871454155489f45#4,"[7, 53]",move
fastai,e60baee682d53d796ea63a514eaddf3f8c85840b#0,"[76, 79]",move
Data-Analysis,f9caf4e60bccab4ff5bcfda1b46158591e8a72ac#0,"[46, 48]",move
fastai,112b232e7de8857a4934112d8ab5081b9a051c8f#1,"[51, 51]",move
fastai,3e9f1021dde2b731ce13493ecfb96db1e46da73d#0,"[6, 20]",move
fastai,db55e7cba6994b1af137be1bbc2af12f880cf8a1#1,"[48, 70]",move
fastai,5200d2669d30364ac530a2e9362000c31a7cb97e#1,"[95, 98]",move
fastai,f1fdf375d0e5f93bd65dc9d60fc3430c882870e2#0,"[7, 14]",move
fastai,68134bb77e580e428463f9cf579d978d51b5800c#6,"[59, 61]",move
fastai,7c5097062b6b255d90078056387e6d702d1a91ac#0,"[6, 8]",move
fastai,c7126f61ef305fe6a149d2bb7362b67229d44aa7#1,"[5, 16]",move
fastai,a48668b850d613664bb487071918f54c830a435e#0,"[45, 45]",move
recommenders,8e69c8cd363512b38edbc30617eabb6fdc760095#0,"[29, 19]",move
fastai,3a7a20c9e823cfafc85458777d4227926e3cf003#0,"[17, 17]",move
Data-Analysis,a37b3bddc35ef0f44af23f9aec17c939a72ceb3b#0,"[22, 26]",move
fastai,8664a862e726bd19f0b9036bfda81288566e714f#0,"[40, 55]",move
fastai,ebb38c70518189f62d8c935135ce1f9b3324c879#0,"[3, 7]",move
recommenders,8631adb66b7aba266e0caacb7fe66715a2d4a57f#0,"[4, 6]",move
fastai,fc44645b4f4647cbb458d0137d45c32b9a3067c4#2,"[55, 76]",move
fastai,4840930dc664dfd458737ad49fcaa58abc1bbe76#0,"[28, 29]",move
fastai,77e3bc604236b35e6cccada18dec25f5de56a755#0,"[109, 114]",move
fastai,1eca8b796e92ea4227dfc6059c819d761b90d55b#1,"[19, 19]",move
fastai,fc67a495bff3ea9c4b2abcae07b1223ce07bafdb#0,"[5, 5]",move
examples,90c8dcfa6c4a6d2c1365b1293bfebf3cdb084312#0,"[4, 4]",move
h2o-3,af632b387ca30059f4ef8dc70c372ba27710df93#0,"[12, 13]",move
recommenders,48769d2f682fb326987713a8d8793cd0c9e5c714#0,"[5, 6]",move
recommenders,a2548c10c0889f11d2b16737df86977f86a624df#0,"[4, 20]",move
recommenders,f7716e6b09a1ccc73d0a080e73049a27a2a48dd9#0,"[2, 5]",move
Data-Analysis,ac48a683e1af406477cffafcede7fec8f5d6a505#0,"[5, 11]",move
fastai,200deb5d68366eeb53a1e48a0c89a70e0a4ce6a1#6,"[60, 61]",move
fastai,3dc3d35b2ec30147f666c05e8871454155489f45#2,"[13, 14]",move
Data-Analysis,22ae6e519581338b11986721e63743c693af10cd#0,"[26, 19]",move
fastai,8f18b021a7f0ea11880aa0559cf1df3148229419#2,"[28, 30]",move
fastai,42d5d485daff61f6231a3f1221af6577246bc85b#0,"[53, 55]",move
fastai,d50549a5db65793bbdb34de2bad2c7527b47c3d4#9,"[18, 19]",move
fastai,486c5a55713c410a632e4ca554491bf804554747#0,"[107, 108]",move
fastai,2b938bfdafe82152d83ec77cf4e71d9aef99487e#1,"[92, 78]",move
